{"cameraMode":{"drawMode":0,"name":"Shaded","section":"Shading Mode"},"sceneLighting":true,"audioPlay":false,"sceneViewState":{"showFog":true,"showMaterialUpdate":false,"showSkybox":true,"showFlares":true,"showImageEffects":true,"showParticleSystems":true},"in2DMode":false,"pivot":{"x":-1.2239956855773926,"y":4.150791168212891,"z":-5.665235996246338},"rotation":{"x":0.21315136551856996,"y":-0.010262460447847844,"z":0.0022409323137253525,"w":0.9769713878631592},"size":7.494555473327637,"orthographic":false}